{
  "base_dataset_path": "data/sources/populace/populace_us_2024.h5",
  "calibration_audit": {
    "baseline_weight_sum": 168537298.21355045,
    "calibration_quality": "exact",
    "constraints": {
      "hi_tob": {
        "achieved": 46966000000.00242,
        "pct_error": 5.1514348342607263e-14,
        "target": 46966000000.0
      },
      "income_guard_ordinary_nonpayroll_income": {
        "achieved": 5550107143286.27,
        "target": 5550107143286.269
      },
      "income_guard_preferential_investment_income": {
        "achieved": 2171830544807.3271,
        "target": 2171830544807.3318
      },
      "oasdi_tob": {
        "achieved": 61840799999.996056,
        "pct_error": -6.38378239159465e-14,
        "target": 61840800000.0
      },
      "payroll_total": {
        "achieved": 11043000000000.043,
        "pct_error": 3.9968028886505635e-15,
        "target": 11043000000000.0
      },
      "ss_total": {
        "achieved": 1697309100000.0132,
        "pct_error": 7.771561172376096e-15,
        "target": 1697309100000.0
      }
    },
    "contributors": {
      "hi_tob": {
        "contributor_effective_sample_size": 95.14476329609403,
        "max_contribution_share_pct": 5.139206401006372,
        "positive_contributor_count": 12109,
        "top_100_contribution_share_pct": 71.08607845263046,
        "top_10_contribution_share_pct": 23.367708956440055
      },
      "oasdi_tob": {
        "contributor_effective_sample_size": 147.37193788431878,
        "max_contribution_share_pct": 3.0247129073355925,
        "positive_contributor_count": 13490,
        "top_100_contribution_share_pct": 65.47698096474798,
        "top_10_contribution_share_pct": 17.15907102463696
      },
      "payroll_total": {
        "contributor_effective_sample_size": 936.5637373232014,
        "max_contribution_share_pct": 0.5185452505272152,
        "positive_contributor_count": 60654,
        "top_100_contribution_share_pct": 23.62578552624598,
        "top_10_contribution_share_pct": 4.301289303374801
      },
      "ss_total": {
        "contributor_effective_sample_size": 396.22678613223565,
        "max_contribution_share_pct": 1.7895677600377193,
        "positive_contributor_count": 20330,
        "top_100_contribution_share_pct": 36.9163449264818,
        "top_10_contribution_share_pct": 8.839426557273498
      }
    },
    "effective_sample_size": 1772.8946811110575,
    "max_constraint_pct_error": 6.242599760696013e-14,
    "max_weight_ratio": 7.086643815208296,
    "median_weight_ratio": 1.0022027266588727,
    "method_used": "entropy",
    "positive_weight_count": 75112,
    "positive_weight_pct": 100.0,
    "stage_b_baseline_weight_sum": 162240186.23166868,
    "stage_b_effective_sample_size": 1793.7785292995907,
    "stage_b_max_weight_ratio": 2.297167571303824,
    "stage_b_median_weight_ratio": 1.0276786244236855,
    "stage_b_positive_weight_count": 75112,
    "stage_b_positive_weight_pct": 100.0,
    "stage_b_top_100_weight_share_pct": 12.97335048774326,
    "stage_b_top_10_weight_share_pct": 1.7401019604444612,
    "stage_b_weight_sum": 168537298.21355045,
    "top_100_weight_share_pct": 13.202778192226189,
    "top_10_weight_share_pct": 1.8563369136979566,
    "validation_issues": [],
    "validation_passed": true,
    "weight_sum": 168266047.12105072
  },
  "contract_version": 2,
  "enum_sanitization": {
    "race": 15106
  },
  "input_repairs": {
    "miscellaneous_income": {
      "amount_zeroed": 1737660672.0,
      "cap": 10000000.0,
      "records_zeroed": 83
    }
  },
  "longrun_growth_caps": {},
  "method": "v2-demographic-reweight-value-scaling",
  "policyengine_us": {
    "version": "1.700.2"
  },
  "profile": {
    "age_bucket_size": 5,
    "calibration_method": "entropy",
    "description": "Light demographic entropy reweight to Trustees age distribution, value rescaling to Trustees taxable payroll and OASDI cost, final light entropy calibration to age, Social Security, taxable payroll, and post-OBBBA TOB.",
    "name": "v2-demo-values"
  },
  "sentinel": {
    "alpha_earnings_scale": 1.0289821028709136,
    "beta_benefits_scale": 0.8149612939241726,
    "donor_clone_household_count": 0,
    "duration_clock": "time.monotonic",
    "duration_seconds": 894.8627944580512,
    "final_baseline_weight_sum": 168537298.21355045,
    "final_effective_sample_size": 1772.8946811110575,
    "final_max_weight_ratio": 7.086643815208296,
    "final_median_weight_ratio": 1.0022027266588727,
    "final_positive_weight_count": 75112,
    "final_positive_weight_pct": 100.0,
    "final_top_100_weight_share_pct": 13.202778192226189,
    "final_top_10_weight_share_pct": 1.8563369136979566,
    "final_weight_sum": 168266047.12105072,
    "gamma_other_income_scale": 0.9634791660671506,
    "gates_passed": true,
    "hi_tob_achieved": 46966000000.00242,
    "hi_tob_contributor_effective_sample_size": 95.14476329609403,
    "hi_tob_max_contribution_share_pct": 5.139206401006372,
    "hi_tob_positive_contributor_count": 12109,
    "hi_tob_target": 46966000000.0,
    "hi_tob_top_100_contribution_share_pct": 71.08607845263046,
    "hi_tob_top_10_contribution_share_pct": 23.367708956440055,
    "income_tax_total": 2531907371720.0645,
    "max_constraint_pct_error": 6.242599760696013e-14,
    "oasdi_tob_achieved": 61840799999.996056,
    "oasdi_tob_contributor_effective_sample_size": 147.37193788431878,
    "oasdi_tob_max_contribution_share_pct": 3.0247129073355925,
    "oasdi_tob_positive_contributor_count": 13490,
    "oasdi_tob_target": 61840800000.0,
    "oasdi_tob_top_100_contribution_share_pct": 65.47698096474798,
    "oasdi_tob_top_10_contribution_share_pct": 17.15907102463696,
    "payroll_total_achieved": 11043000000000.043,
    "payroll_total_contributor_effective_sample_size": 936.5637373232014,
    "payroll_total_max_contribution_share_pct": 0.5185452505272152,
    "payroll_total_positive_contributor_count": 60654,
    "payroll_total_target": 11043000000000.0,
    "payroll_total_top_100_contribution_share_pct": 23.62578552624598,
    "payroll_total_top_10_contribution_share_pct": 4.301289303374801,
    "population_raw": 337822105.6488367,
    "population_target": 348316001.0,
    "prescale_hi_tob": 45342739101.966064,
    "prescale_oasdi_tob": 65326111372.45157,
    "prescale_payroll_total": 11043000245535.496,
    "prescale_ss_total": 1697309141750.0088,
    "share_65_plus_raw": 0.17297225839710093,
    "share_65_plus_target": 0.19059990873057825,
    "ss_total_achieved": 1697309100000.0132,
    "ss_total_contributor_effective_sample_size": 396.22678613223565,
    "ss_total_max_contribution_share_pct": 1.7895677600377193,
    "ss_total_positive_contributor_count": 20330,
    "ss_total_target": 1697309100000.0,
    "ss_total_top_100_contribution_share_pct": 36.9163449264818,
    "ss_total_top_10_contribution_share_pct": 8.839426557273498,
    "stage_b_baseline_weight_sum": 162240186.23166868,
    "stage_b_effective_sample_size": 1793.7785292995907,
    "stage_b_max_weight_ratio": 2.297167571303824,
    "stage_b_median_weight_ratio": 1.0276786244236855,
    "stage_b_positive_weight_count": 75112,
    "stage_b_positive_weight_pct": 100.0,
    "stage_b_top_100_weight_share_pct": 12.97335048774326,
    "stage_b_top_10_weight_share_pct": 1.7401019604444612,
    "stage_b_weight_sum": 168537298.21355045,
    "year": 2026
  },
  "support_augmentation": null,
  "target_source": {
    "baseline_kind": "calibration_target",
    "files": [
      {
        "file": "data/SSPopJul_TR2026_interim.csv",
        "role": "population_by_single_year_age",
        "sha256": "fa1b088ad7ac9f8f621f861bdb9fef33e81e74ac5862e75654e10977c5e40c12",
        "source": "TR2026 V.A3 age-group totals applied to the TR2024 single-year-age shape (interim until SSA posts the TR2026 single-year file)"
      },
      {
        "file": "data/social_security_aux_tr2026.csv",
        "role": "trustees_2026_economic",