{
  "base_dataset_path": "data/sources/populace/populace_us_2024.h5",
  "calibration_audit": {
    "baseline_weight_sum": 186153510.83404118,
    "calibration_quality": "exact",
    "constraints": {
      "hi_tob": {
        "achieved": 317620001338.72504,
        "pct_error": 4.214863791318635e-09,
        "target": 317620000000.0
      },
      "income_guard_ordinary_nonpayroll_income": {
        "achieved": 19910883342720.42,
        "target": 19910883338699.258
      },
      "income_guard_preferential_investment_income": {
        "achieved": 7306075806497.256,
        "target": 7306075805527.843
      },
      "oasdi_tob": {
        "achieved": 382598798922.76624,
        "pct_error": -2.8155701103926845e-09,
        "target": 382598800000.0
      },
      "payroll_total": {
        "achieved": 40702000001959.09,
        "pct_error": 4.8132609009599037e-11,
        "target": 40702000000000.0
      },
      "ss_total": {
        "achieved": 7387413006363.117,
        "pct_error": 8.613458835071697e-10,
        "target": 7387413000000.0
      }
    },
    "contributors": {
      "hi_tob": {
        "contributor_effective_sample_size": 111.75160159476643,
        "max_contribution_share_pct": 5.078167127216931,
        "positive_contributor_count": 15844,
        "top_100_contribution_share_pct": 61.05953259503018,
        "top_10_contribution_share_pct": 22.997941720335884
      },
      "oasdi_tob": {
        "contributor_effective_sample_size": 159.88717567573417,
        "max_contribution_share_pct": 3.6126899371620986,
        "positive_contributor_count": 16275,
        "top_100_contribution_share_pct": 56.63877614427645,
        "top_10_contribution_share_pct": 18.400087440577355
      },
      "payroll_total": {
        "contributor_effective_sample_size": 952.1834866512153,
        "max_contribution_share_pct": 0.5208157516135659,
        "positive_contributor_count": 60753,
        "top_100_contribution_share_pct": 23.186851316872822,
        "top_10_contribution_share_pct": 3.9430867763764375
      },
      "ss_total": {
        "contributor_effective_sample_size": 258.03948818413807,
        "max_contribution_share_pct": 2.70526600734597,
        "positive_contributor_count": 20330,
        "top_100_contribution_share_pct": 43.49548972638175,
        "top_10_contribution_share_pct": 13.665929956396784
      }
    },
    "effective_sample_size": 1558.9496921506407,
    "max_constraint_pct_error": 4.214861867229807e-09,
    "max_weight_ratio": 52.206650292922326,
    "median_weight_ratio": 1.006206843084584,
    "method_used": "entropy",
    "positive_weight_count": 75112,
    "positive_weight_pct": 100.0,
    "stage_b_baseline_weight_sum": 171328389.560492,
    "stage_b_effective_sample_size": 1665.3300611082582,
    "stage_b_max_weight_ratio": 8.109980456523948,
    "stage_b_median_weight_ratio": 1.0052519462249017,
    "stage_b_positive_weight_count": 75112,
    "stage_b_positive_weight_pct": 100.0,
    "stage_b_top_100_weight_share_pct": 14.336123805870818,
    "stage_b_top_10_weight_share_pct": 2.44280538392855,
    "stage_b_weight_sum": 186153510.83404118,
    "top_100_weight_share_pct": 15.425773858248935,
    "top_10_weight_share_pct": 2.88502480009106,
    "validation_issues": [],
    "validation_passed": true,
    "weight_sum": 185288690.90854746
  },
  "contract_version": 2,
  "enum_sanitization": {},
  "input_repairs": {
    "miscellaneous_income": {
      "amount_zeroed": 9866911744.0,
      "cap": 10000000.0,
      "records_zeroed": 293
    }
  },
  "longrun_growth_caps": {
    "non_qualified_dividend_income": 0.7299156413299529,
    "partnership_s_corp_income": 0.9843765126161181,
    "qualified_bdc_income": 0.729915641329953,
    "qualified_dividend_income": 0.729915641329953,
    "qualified_reit_and_ptp_income": 0.729915641329953
  },
  "method": "v2-demographic-reweight-value-scaling",
  "policyengine_us": {
    "version": "1.700.2"
  },
  "profile": {
    "age_bucket_size": 5,
    "calibration_method": "entropy",
    "description": "Light demographic entropy reweight to Trustees age distribution, value rescaling to Trustees taxable payroll and OASDI cost, final light entropy calibration to age, Social Security, taxable payroll, and post-OBBBA TOB.",
    "name": "v2-demo-values"
  },
  "sentinel": {
    "alpha_earnings_scale": 1.058942973613727,
    "beta_benefits_scale": 0.46344618127183,
    "donor_clone_household_count": 0,
    "duration_clock": "time.monotonic",
    "duration_seconds": 1013.1916962079704,
    "final_baseline_weight_sum": 186153510.83404118,
    "final_effective_sample_size": 1558.9496921506407,
    "final_max_weight_ratio": 52.206650292922326,
    "final_median_weight_ratio": 1.006206843084584,
    "final_positive_weight_count": 75112,
    "final_positive_weight_pct": 100.0,
    "final_top_100_weight_share_pct": 15.425773858248935,
    "final_top_10_weight_share_pct": 2.88502480009106,
    "final_weight_sum": 185288690.90854746,
    "gamma_other_income_scale": 0.9784882081225309,
    "gates_passed": true,
    "hi_tob_achieved": 317620001338.72504,
    "hi_tob_contributor_effective_sample_size": 111.75160159476643,
    "hi_tob_max_contribution_share_pct": 5.078167127216931,
    "hi_tob_positive_contributor_count": 15844,
    "hi_tob_target": 317620000000.0,
    "hi_tob_top_100_contribution_share_pct": 61.05953259503018,
    "hi_tob_top_10_contribution_share_pct": 22.997941720335884,
    "income_tax_total": 11552368762742.178,
    "max_constraint_pct_error": 4.214861867229807e-09,
    "oasdi_tob_achieved": 382598798922.76624,
    "oasdi_tob_contributor_effective_sample_size": 159.88717567573417,
    "oasdi_tob_max_contribution_share_pct": 3.6126899371620986,
    "oasdi_tob_positive_contributor_count": 16275,
    "oasdi_tob_target": 382598800000.0,
    "oasdi_tob_top_100_contribution_share_pct": 56.63877614427645,
    "oasdi_tob_top_10_contribution_share_pct": 18.400087440577355,
    "payroll_total_achieved": 40702000001959.09,
    "payroll_total_contributor_effective_sample_size": 952.1834866512153,
    "payroll_total_max_contribution_share_pct": 0.5208157516135659,
    "payroll_total_positive_contributor_count": 60753,
    "payroll_total_target": 40702000000000.0,
    "payroll_total_top_100_contribution_share_pct": 23.186851316872822,
    "payroll_total_top_10_contribution_share_pct": 3.9430867763764375,
    "population_raw": 356745875.7016946,
    "population_target": 376747000.0,
    "prescale_hi_tob": 300930460491.7912,
    "prescale_oasdi_tob": 417305419134.12823,
    "prescale_payroll_total": 40701997786685.52,
    "prescale_ss_total": 7387412807104.449,
    "share_65_plus_raw": 0.17297225835125973,
    "share_65_plus_target": 0.23686453243157876,
    "ss_total_achieved": 7387413006363.117,
    "ss_total_contributor_effective_sample_size": 258.03948818413807,
    "ss_total_max_contribution_share_pct": 2.70526600734597,
    "ss_total_positive_contributor_count": 20330,
    "ss_total_target": 7387413000000.0,
    "ss_total_top_100_contribution_share_pct": 43.49548972638175,
    "ss_total_top_10_contribution_share_pct": 13.665929956396784,
    "stage_b_baseline_weight_sum": 171328389.560492,
    "stage_b_effective_sample_size": 1665.3300611082582,
    "stage_b_max_weight_ratio": 8.109980456523948,
    "stage_b_median_weight_ratio": 1.0052519462249017,
    "stage_b_positive_weight_count": 75112,
    "stage_b_positive_weight_pct": 100.0,
    "stage_b_top_100_weight_share_pct": 14.336123805870818,
    "stage_b_top_10_weight_share_pct": 2.44280538392855,
    "stage_b_weight_sum": 186153510.83404118,
    "year": 2060
  },
  "support_augmentation": null,
  "target_source": {
    "baseline_kind": "calibration_target",
    "files": [
      {
        "file": "data/SSPopJul_TR2026_interim.csv",
        "role": "population_by_single_year_age",
        "sha256": "fa1b088ad7ac9f8f621f861bdb9fef33e81e74ac5862e75654e10977c5e40c12",