{
  "base_dataset_path": "data/sources/populace/populace_us_2024.h5",
  "calibration_audit": {
    "baseline_weight_sum": 188270313.76769674,
    "calibration_quality": "exact",
    "constraints": {
      "hi_tob": {
        "achieved": 396651002551.7416,
        "pct_error": 6.433215959944505e-09,
        "target": 396651000000.0
      },
      "income_guard_ordinary_nonpayroll_income": {
        "achieved": 24048131559182.25,
        "target": 24048131545808.914
      },
      "income_guard_preferential_investment_income": {
        "achieved": 8799751335732.248,
        "target": 8799751326224.072
      },
      "oasdi_tob": {
        "achieved": 471904998916.6992,
        "pct_error": -2.295590828538252e-09,
        "target": 471905000000.0
      },
      "payroll_total": {
        "achieved": 48650000004618.33,
        "pct_error": 9.492961972057401e-11,
        "target": 48650000000000.0
      },
      "ss_total": {
        "achieved": 9117010014241.146,
        "pct_error": 1.5620413851280546e-09,
        "target": 9117010000000.0
      }
    },
    "contributors": {
      "hi_tob": {
        "contributor_effective_sample_size": 113.36702782017673,
        "max_contribution_share_pct": 4.815901246339884,
        "positive_contributor_count": 16068,
        "top_100_contribution_share_pct": 59.99001451314836,
        "top_10_contribution_share_pct": 22.95253208630579
      },
      "oasdi_tob": {
        "contributor_effective_sample_size": 159.24548412825305,
        "max_contribution_share_pct": 3.532840594443772,
        "positive_contributor_count": 16386,
        "top_100_contribution_share_pct": 55.928282610169,
        "top_10_contribution_share_pct": 18.61124698581238
      },
      "payroll_total": {
        "contributor_effective_sample_size": 950.9452317173384,
        "max_contribution_share_pct": 0.48224984879424726,
        "positive_contributor_count": 60759,
        "top_100_contribution_share_pct": 23.286117766150255,
        "top_10_contribution_share_pct": 4.004281980740343
      },
      "ss_total": {
        "contributor_effective_sample_size": 252.75935481218295,
        "max_contribution_share_pct": 2.6119845864665674,
        "positive_contributor_count": 20330,
        "top_100_contribution_share_pct": 43.907874456068946,
        "top_10_contribution_share_pct": 13.667742921908673
      }
    },
    "effective_sample_size": 1531.9503311341828,
    "max_constraint_pct_error": 6.4332160442011684e-09,
    "max_weight_ratio": 301.17911080393156,
    "median_weight_ratio": 1.0062805225870295,
    "method_used": "entropy",
    "positive_weight_count": 75112,
    "positive_weight_pct": 100.0,
    "stage_b_baseline_weight_sum": 171328389.560492,
    "stage_b_effective_sample_size": 1643.9042396131001,
    "stage_b_max_weight_ratio": 9.407769793679986,
    "stage_b_median_weight_ratio": 1.0125648258796098,
    "stage_b_positive_weight_count": 75112,
    "stage_b_positive_weight_pct": 100.0,
    "stage_b_top_100_weight_share_pct": 14.551780570169663,
    "stage_b_top_10_weight_share_pct": 2.512357328988659,
    "stage_b_weight_sum": 188270313.76769674,
    "top_100_weight_share_pct": 15.695249983986045,
    "top_10_weight_share_pct": 2.948208572623973,
    "validation_issues": [],
    "validation_passed": true,
    "weight_sum": 187461787.05616838
  },
  "contract_version": 2,
  "enum_sanitization": {},
  "input_repairs": {
    "miscellaneous_income": {
      "amount_zeroed": 12328128512.0,
      "cap": 10000000.0,
      "records_zeroed": 335
    }
  },
  "longrun_growth_caps": {
    "non_qualified_dividend_income": 0.6855863477945597,
    "partnership_s_corp_income": 0.9787525423298779,
    "qualified_bdc_income": 0.6855863477945597,
    "qualified_dividend_income": 0.6855863477945597,
    "qualified_reit_and_ptp_income": 0.6855863477945597
  },
  "method": "v2-demographic-reweight-value-scaling",
  "policyengine_us": {
    "version": "1.700.2"
  },
  "profile": {
    "age_bucket_size": 5,
    "calibration_method": "entropy",
    "description": "Light demographic entropy reweight to Trustees age distribution, value rescaling to Trustees taxable payroll and OASDI cost, final light entropy calibration to age, Social Security, taxable payroll, and post-OBBBA TOB.",
    "name": "v2-demo-values"
  },
  "sentinel": {
    "alpha_earnings_scale": 1.0545304417610084,
    "beta_benefits_scale": 0.428644831536044,
    "donor_clone_household_count": 0,
    "duration_clock": "time.monotonic",
    "duration_seconds": 982.6375083340099,
    "final_baseline_weight_sum": 188270313.76769674,
    "final_effective_sample_size": 1531.9503311341828,
    "final_max_weight_ratio": 301.17911080393156,
    "final_median_weight_ratio": 1.0062805225870295,
    "final_positive_weight_count": 75112,
    "final_positive_weight_pct": 100.0,
    "final_top_100_weight_share_pct": 15.695249983986045,
    "final_top_10_weight_share_pct": 2.948208572623973,
    "final_weight_sum": 187461787.05616838,
    "gamma_other_income_scale": 0.9705757210418365,
    "gates_passed": true,
    "hi_tob_achieved": 396651002551.7416,
    "hi_tob_contributor_effective_sample_size": 113.36702782017673,
    "hi_tob_max_contribution_share_pct": 4.815901246339884,
    "hi_tob_positive_contributor_count": 16068,
    "hi_tob_target": 396651000000.0,
    "hi_tob_top_100_contribution_share_pct": 59.99001451314836,
    "hi_tob_top_10_contribution_share_pct": 22.95253208630579,
    "income_tax_total": 13939280411591.352,
    "max_constraint_pct_error": 6.4332160442011684e-09,
    "oasdi_tob_achieved": 471904998916.6992,
    "oasdi_tob_contributor_effective_sample_size": 159.24548412825305,
    "oasdi_tob_max_contribution_share_pct": 3.532840594443772,
    "oasdi_tob_positive_contributor_count": 16386,
    "oasdi_tob_target": 471905000000.0,
    "oasdi_tob_top_100_contribution_share_pct": 55.928282610169,
    "oasdi_tob_top_10_contribution_share_pct": 18.61124698581238,
    "payroll_total_achieved": 48650000004618.33,
    "payroll_total_contributor_effective_sample_size": 950.9452317173384,
    "payroll_total_max_contribution_share_pct": 0.48224984879424726,
    "payroll_total_positive_contributor_count": 60759,
    "payroll_total_target": 48650000000000.0,
    "payroll_total_top_100_contribution_share_pct": 23.286117766150255,
    "payroll_total_top_10_contribution_share_pct": 4.004281980740343,
    "population_raw": 356745875.7016946,
    "population_target": 379711998.0,
    "prescale_hi_tob": 378766997569.7543,
    "prescale_oasdi_tob": 521066098394.6676,
    "prescale_payroll_total": 48649999533980.69,
    "prescale_ss_total": 9117010102525.88,
    "share_65_plus_raw": 0.17297225835125973,
    "share_65_plus_target": 0.2428524736792752,
    "ss_total_achieved": 9117010014241.146,
    "ss_total_contributor_effective_sample_size": 252.75935481218295,
    "ss_total_max_contribution_share_pct": 2.6119845864665674,
    "ss_total_positive_contributor_count": 20330,
    "ss_total_target": 9117010000000.0,
    "ss_total_top_100_contribution_share_pct": 43.907874456068946,
    "ss_total_top_10_contribution_share_pct": 13.667742921908673,
    "stage_b_baseline_weight_sum": 171328389.560492,
    "stage_b_effective_sample_size": 1643.9042396131001,
    "stage_b_max_weight_ratio": 9.407769793679986,
    "stage_b_median_weight_ratio": 1.0125648258796098,
    "stage_b_positive_weight_count": 75112,
    "stage_b_positive_weight_pct": 100.0,
    "stage_b_top_100_weight_share_pct": 14.551780570169663,
    "stage_b_top_10_weight_share_pct": 2.512357328988659,
    "stage_b_weight_sum": 188270313.76769674,
    "year": 2065
  },
  "support_augmentation": null,
  "target_source": {
    "baseline_kind": "calibration_target",
    "files": [
      {
        "file": "data/SSPopJul_TR2026_interim.csv",
        "role": "population_by_single_year_age",
        "sha256": "fa1b088ad7ac9f8f621f861bdb9fef33e81e74ac5862e75654e10977c5e40c12",