{
  "base_dataset_path": "data/sources/populace/populace_us_2024.h5",
  "calibration_audit": {
    "baseline_weight_sum": 190267918.27143553,
    "calibration_quality": "exact",
    "constraints": {
      "hi_tob": {
        "achieved": 492336000000.06757,
        "pct_error": 1.3722356584366935e-13,
        "target": 492336000000.0
      },
      "income_guard_ordinary_nonpayroll_income": {
        "achieved": 29076252282704.465,
        "target": 29076252282704.605
      },
      "income_guard_preferential_investment_income": {
        "achieved": 10746258511781.832,
        "target": 10746258511781.838
      },
      "oasdi_tob": {
        "achieved": 586224199999.8944,
        "pct_error": -1.800781745942004e-13,
        "target": 586224200000.0
      },
      "payroll_total": {
        "achieved": 58042000000000.1,
        "pct_error": 1.7763568394002505e-15,
        "target": 58042000000000.0
      },
      "ss_total": {
        "achieved": 11213714399999.94,
        "pct_error": -5.440092820663267e-15,
        "target": 11213714400000.0
      }
    },
    "contributors": {
      "hi_tob": {
        "contributor_effective_sample_size": 128.95499663012686,
        "max_contribution_share_pct": 4.3920981941852455,
        "positive_contributor_count": 16267,
        "top_100_contribution_share_pct": 58.26896277255975,
        "top_10_contribution_share_pct": 20.601904005857566
      },
      "oasdi_tob": {
        "contributor_effective_sample_size": 177.69581809977413,
        "max_contribution_share_pct": 3.1436787356185674,
        "positive_contributor_count": 16508,
        "top_100_contribution_share_pct": 54.63960744753729,
        "top_10_contribution_share_pct": 16.885618265256273
      },
      "payroll_total": {
        "contributor_effective_sample_size": 958.8751464514745,
        "max_contribution_share_pct": 0.448276509754861,
        "positive_contributor_count": 60763,
        "top_100_contribution_share_pct": 23.12733330054953,
        "top_10_contribution_share_pct": 3.9656857510767667
      },
      "ss_total": {
        "contributor_effective_sample_size": 270.63860766729005,
        "max_contribution_share_pct": 2.5636252929671475,
        "positive_contributor_count": 20330,
        "top_100_contribution_share_pct": 43.25618517447466,
        "top_10_contribution_share_pct": 12.271071348959142
      }
    },
    "effective_sample_size": 1529.999363737517,
    "max_constraint_pct_error": 1.786625801613103e-13,
    "max_weight_ratio": 1242.3168947435524,
    "median_weight_ratio": 1.0044115002691671,
    "method_used": "entropy",
    "positive_weight_count": 75112,
    "positive_weight_pct": 100.0,
    "stage_b_baseline_weight_sum": 171328389.560492,
    "stage_b_effective_sample_size": 1615.0424556981254,
    "stage_b_max_weight_ratio": 10.862306616878742,
    "stage_b_median_weight_ratio": 1.0160754082171375,
    "stage_b_positive_weight_count": 75112,
    "stage_b_positive_weight_pct": 100.0,
    "stage_b_top_100_weight_share_pct": 14.806102320525794,
    "stage_b_top_10_weight_share_pct": 2.6612783984010124,
    "stage_b_weight_sum": 190267918.27143553,
    "top_100_weight_share_pct": 15.644998646631018,
    "top_10_weight_share_pct": 2.9697063353668116,
    "validation_issues": [],
    "validation_passed": true,
    "weight_sum": 189397510.21495333
  },
  "contract_version": 2,
  "enum_sanitization": {},
  "input_repairs": {
    "miscellaneous_income": {
      "amount_zeroed": 15422685184.0,
      "cap": 10000000.0,
      "records_zeroed": 390
    }
  },
  "longrun_growth_caps": {
    "non_qualified_dividend_income": 0.6426079813822366,
    "partnership_s_corp_income": 0.9711337050552711,
    "qualified_bdc_income": 0.6426079813822366,
    "qualified_dividend_income": 0.6426079813822366,
    "qualified_reit_and_ptp_income": 0.6426079813822366
  },
  "method": "v2-demographic-reweight-value-scaling",
  "policyengine_us": {
    "version": "1.700.2"
  },
  "profile": {
    "age_bucket_size": 5,
    "calibration_method": "entropy",
    "description": "Light demographic entropy reweight to Trustees age distribution, value rescaling to Trustees taxable payroll and OASDI cost, final light entropy calibration to age, Social Security, taxable payroll, and post-OBBBA TOB.",
    "name": "v2-demo-values"
  },
  "sentinel": {
    "alpha_earnings_scale": 1.050446331501011,
    "beta_benefits_scale": 0.39508978616321105,
    "donor_clone_household_count": 0,
    "duration_clock": "time.monotonic",
    "duration_seconds": 984.3747471250826,
    "final_baseline_weight_sum": 190267918.27143553,
    "final_effective_sample_size": 1529.999363737517,
    "final_max_weight_ratio": 1242.3168947435524,
    "final_median_weight_ratio": 1.0044115002691671,
    "final_positive_weight_count": 75112,
    "final_positive_weight_pct": 100.0,
    "final_top_100_weight_share_pct": 15.644998646631018,
    "final_top_10_weight_share_pct": 2.9697063353668116,
    "final_weight_sum": 189397510.21495333,
    "gamma_other_income_scale": 0.9685433738544642,
    "gates_passed": true,
    "hi_tob_achieved": 492336000000.06757,
    "hi_tob_contributor_effective_sample_size": 128.95499663012686,
    "hi_tob_max_contribution_share_pct": 4.3920981941852455,
    "hi_tob_positive_contributor_count": 16267,
    "hi_tob_target": 492336000000.0,
    "hi_tob_top_100_contribution_share_pct": 58.26896277255975,
    "hi_tob_top_10_contribution_share_pct": 20.601904005857566,
    "income_tax_total": 16912876137742.848,
    "max_constraint_pct_error": 1.786625801613103e-13,
    "oasdi_tob_achieved": 586224199999.8944,
    "oasdi_tob_contributor_effective_sample_size": 177.69581809977413,
    "oasdi_tob_max_contribution_share_pct": 3.1436787356185674,
    "oasdi_tob_positive_contributor_count": 16508,
    "oasdi_tob_target": 586224200000.0,
    "oasdi_tob_top_100_contribution_share_pct": 54.63960744753729,
    "oasdi_tob_top_10_contribution_share_pct": 16.885618265256273,
    "payroll_total_achieved": 58042000000000.1,
    "payroll_total_contributor_effective_sample_size": 958.8751464514745,
    "payroll_total_max_contribution_share_pct": 0.448276509754861,
    "payroll_total_positive_contributor_count": 60763,
    "payroll_total_target": 58042000000000.0,
    "payroll_total_top_100_contribution_share_pct": 23.12733330054953,
    "payroll_total_top_10_contribution_share_pct": 3.9656857510767667,
    "population_raw": 356745875.7016946,
    "population_target": 382786003.0,
    "prescale_hi_tob": 473900941551.82886,
    "prescale_oasdi_tob": 646192963150.512,
    "prescale_payroll_total": 58042001713588.99,
    "prescale_ss_total": 11213714114202.01,
    "share_65_plus_raw": 0.17297225835125973,
    "share_65_plus_target": 0.24954413236473538,
    "ss_total_achieved": 11213714399999.94,
    "ss_total_contributor_effective_sample_size": 270.63860766729005,
    "ss_total_max_contribution_share_pct": 2.5636252929671475,
    "ss_total_positive_contributor_count": 20330,
    "ss_total_target": 11213714400000.0,
    "ss_total_top_100_contribution_share_pct": 43.25618517447466,
    "ss_total_top_10_contribution_share_pct": 12.271071348959142,
    "stage_b_baseline_weight_sum": 171328389.560492,
    "stage_b_effective_sample_size": 1615.0424556981254,
    "stage_b_max_weight_ratio": 10.862306616878742,
    "stage_b_median_weight_ratio": 1.0160754082171375,
    "stage_b_positive_weight_count": 75112,
    "stage_b_positive_weight_pct": 100.0,
    "stage_b_top_100_weight_share_pct": 14.806102320525794,
    "stage_b_top_10_weight_share_pct": 2.6612783984010124,
    "stage_b_weight_sum": 190267918.27143553,
    "year": 2070
  },
  "support_augmentation": null,
  "target_source": {
    "baseline_kind": "calibration_target",
    "files": [
      {
        "file": "data/SSPopJul_TR2026_interim.csv",
        "role": "population_by_single_year_age",
        "sha256": "fa1b088ad7ac9f8f621f861bdb9fef33e81e74ac5862e75654e10977c5e40c12",