year,baseline_revenue_billions,reform_revenue_billions,revenue_impact_billions,taxable_payroll_billions,ss_benefits_billions,ssa_payroll_billions,ssa_h4_pct_payroll,ssa_h4_revenue_billions,pe_pct_ssa_payroll,diff_pct_payroll,diff_revenue_billions
2030,3434.5945558709973,3393.8596711163987,-40.73488475459863,13238.999979353825,2091.52639967408,17803,,,-0.22880910382856054,,
2040,5919.774994253263,5866.941834879434,-52.833159373828124,18748.351791541965,3242.9220068964623,27337,,,-0.19326612054661493,,
2050,9675.470888319122,9610.679753317316,-64.79113500180469,24463.18012507717,4802.506796637972,34419,,,-0.18824235161336672,,
2060,15710.72191283729,15645.039907094239,-65.68200574305274,30645.201582168414,7309.190396850593,41836,-0.07,-29.285200000000003,-0.1569987707788812,-0.08699877077888118,-36.39680574305274
2070,25685.803398466043,25620.631507337595,-65.17189112844922,36265.056002476864,11060.910020404144,50887,,,-0.1280717887249184,,
2080,41162.421208569234,41095.43327450761,-66.987934061625,40552.77076722418,16478.31627347399,79177,,,-0.08460529454465943,,
2090,65854.0106011814,65783.56579892416,-70.44480225724219,44619.171268293,23680.2767524503,126652,,,-0.05562075786978665,,
2100,105657.9701466768,105576.2301418069,-81.74000486990624,47854.606735235386,34434.590260989986,191588,-0.01,-19.1588,-0.042664470045047836,-0.032664470045047835,-62.581204869906244
