year,baseline_revenue_billions,reform_revenue_billions,revenue_impact_billions,taxable_payroll_billions,ss_benefits_billions,ssa_payroll_billions,ssa_h6_pct_payroll,ssa_h6_revenue_billions,pe_pct_ssa_payroll,diff_pct_payroll,diff_revenue_billions
2030,3434.5945558709973,3290.884036332088,-143.71051953890918,13238.999979353825,2091.52639967408,17803,,,-0.8072264199230983,,
2040,5919.774994253263,5649.657355582622,-270.11763867064064,18748.351791541965,3242.9220068964623,27337,,,-0.9881027130652253,,
2050,9675.470888319122,9206.423487078853,-469.04740124026756,24463.18012507717,4802.506796637972,34419,,,-1.3627572016626501,,
2060,15710.72191283729,14910.700252279094,-800.0216605581973,30645.201582168414,7309.190396850593,41836,-1.04,-435.0944,-1.9122804774791982,-0.8722804774791981,-364.92726055819725
2070,25685.803398466043,24366.994367142783,-1318.8090313232617,36265.056002476864,11060.910020404144,50887,,,-2.5916423277521994,,
2080,41162.421208569234,39037.93995626665,-2124.4812523025857,40552.77076722418,16478.31627347399,79177,,,-2.683205037198411,,
2090,65854.0106011814,62449.691171215876,-3404.319429965531,44619.171268293,23680.2767524503,126652,,,-2.6879318368170506,,
2100,105657.9701466768,100442.74597938858,-5215.224167288219,47854.606735235386,34434.590260989986,191588,-1.12,-2145.7856,-2.72210376813173,-1.6021037681317298,-3069.438567288219
