reform_id,reform_name,static_2026_billions,dynamic_2026_billions,feedback_billions,feedback_percent
option1,Full Repeal of Social Security Benefits Taxation,-85.38622906645118,-85.00680634293262,0.37942272351855466,0.44436055751246706
option2,Taxation of 85% of Social Security Benefits,24.2901524076853,24.534142650274415,0.24399024258911134,1.0044821394859338
option3,85% Taxation with Permanent Senior Deduction Extension,24.2901524076853,24.534142650274415,0.24399024258911134,1.0044821394859338
option4,Social Security Tax Credit System ($500),29.894074636222655,30.044837962302246,0.15076332607958984,0.5043251143051268
option5,Roth-Style Swap,58.11080043108105,41.984266422593265,-16.12653400848779,-27.751354118093303
option6,Phased Roth-Style Swap,18.554406164194337,17.85123409271509,-0.7031720714792481,-3.7897848373946115
option7,Eliminate Bonus Senior Deduction,20.720663651287108,20.56194266546582,-0.15872098582128907,-0.7660033891406263
option8,Full Taxation of Social Security Benefits,50.639599637140634,50.65432215010791,0.014722512967277527,0.02907312275920836
