reform_id,reform_name,year,static_impact,dynamic_impact,dynamic_multiplier_impact,static_to_dynamic_diff,static_to_dynamic_pct,static_to_multiplier_diff,static_to_multiplier_pct,dynamic_to_multiplier_diff,dynamic_to_multiplier_pct
option1,Full Repeal of Social Security Benefits Taxation,2026,-85386229066.45117,-85006806342.93262,-84631634709.2251,379422723.5185547,0.44436055751246717,754594357.2260742,0.8837424552837637,375171633.70751953,0.4413430522186779
option2,Taxation of 85% of Social Security Benefits,2026,24290152407.685303,24534142650.27441,24721649533.989506,243990242.5891075,1.0044821394859178,431497126.30420303,1.776428237509449,187506883.71509552,0.764269150905089
option3,85% Taxation with Permanent Senior Deduction Extension,2026,24290152407.685303,24534142650.27441,24721649533.989506,243990242.5891075,1.0044821394859178,431497126.30420303,1.776428237509449,187506883.71509552,0.764269150905089
option4,Social Security Tax Credit System ($500),2026,29894074636.222656,30044837962.302246,30217842859.32617,150763326.07958984,0.5043251143051268,323768223.1035156,1.0830514978082164,173004897.02392578,0.5758223666940654
option5,Roth-Style Swap,2026,58110800431.081055,41984266422.59326,44316531686.51074,-16126534008.487793,-27.751354118093303,-13794268744.570312,-23.737874271634247,2332265263.9174805,5.555093521087232
option6,Phased Roth-Style Swap,2026,18554406164.194336,17851234092.715088,17867895568.737305,-703172071.479248,-3.7897848373946115,-686510595.4570312,-3.6999868892696552,16661476.022216797,0.09333514946743196
option7,Eliminate Bonus Senior Deduction,2026,20720663651.28711,20561942665.46582,20519163378.644287,-158720985.82128906,-0.7660033891406262,-201500272.64282227,-0.972460515907779,-42779286.8215332,-0.20805080296902997
option8,Full Taxation of Social Security Benefits,2026,50639599637.14063,50654322150.10791,50764556428.757324,14722512.967277527,0.02907312275920836,124956791.61669159,0.24675706860258123,110234278.64941406,0.21762067671688154
