reform_id,reform_name,year,static_impact,dynamic_impact,dynamic_feedback,feedback_pct
option1,Full Repeal of Social Security Benefits Taxation,2026,-85386229066.45117,-85006806342.93262,379422723.5185547,0.44436055751246717
option2,Taxation of 85% of Social Security Benefits,2026,24290152407.685303,24534142650.274414,243990242.58911133,1.0044821394859336
option3,85% Taxation with Permanent Senior Deduction Extension,2026,24290152407.685303,24534142650.274414,243990242.58911133,1.0044821394859336
option4,Social Security Tax Credit System ($500),2026,29894074636.222656,30044837962.302246,150763326.07958984,0.5043251143051268
option5,Roth-Style Swap,2026,58110800431.081055,41984266422.59326,-16126534008.487793,-27.751354118093303
option6,Phased Roth-Style Swap,2026,18554406164.194336,17851234092.715088,-703172071.479248,-3.7897848373946115
option7,Eliminate Bonus Senior Deduction,2026,20720663651.28711,20561942665.46582,-158720985.82128906,-0.7660033891406262
option8,Full Taxation of Social Security Benefits,2026,50639599637.14063,50654322150.10791,14722512.967277527,0.02907312275920836
