Policy,PE_Proxy,Year,PE_Estimate_$B,SSA_Benchmark_$B,Difference_$B,PE_%_Payroll,SSA_%_Payroll,Difference_%_Payroll,Pct_Difference
H4: Higher Thresholds,Option 2 (85% taxation),2060,110.39,-21.451641107517894,131.8416411075179,0.3602195263882123,-0.07,0.4302195263882123,614.5993234117317
H4: Higher Thresholds,Option 2 (85% taxation),2100,452.49,-4.785460673523539,457.2754606735235,0.9455516007131478,-0.01,0.9555516007131478,9555.516007131477
H6: Phase Out Taxation,Option 6 (phased elimination),2060,-170.06,-318.7100964545515,148.6500964545515,-0.5549319019619475,-1.04,0.4850680980380525,46.64116327288966
H6: Phase Out Taxation,Option 6 (phased elimination),2100,-3419.39,-535.9715954346364,-2883.4184045653637,-7.145372688816394,-1.12,-6.025372688816394,-537.9797043586066
