Policy,PE_Proxy,Year,PE_Estimate_$B,SSA_Benchmark_$B,Difference_$B,PE_%_SSA_Payroll,SSA_%_Payroll,Difference_%_Payroll,SSA_Payroll_$B,PE_Payroll_$B
H4: Higher Thresholds,Option 2 (85% taxation),2060,110.39,-29.285200000000003,139.67520000000002,0.263863658093508,-0.07,0.333863658093508,41836,30645.201582168414
H4: Higher Thresholds,Option 2 (85% taxation),2100,452.49,-19.1588,471.6488,0.2361786750735954,-0.01,0.24617867507359542,191588,47854.606735235386
H6: Phase Out Taxation,Option 6 (phased elimination),2060,-170.06,-435.0944,265.0344,-0.4064920164451668,-1.04,0.6335079835548332,41836,30645.201582168414
H6: Phase Out Taxation,Option 6 (phased elimination),2100,-3419.39,-2145.7856,-1273.6043999999997,-1.7847620936593107,-1.12,-0.6647620936593106,191588,47854.606735235386
