Policy,PE_Proxy,Year,PE_Estimate_$B,SSA_Benchmark_$B,Difference_$B,PE_%_SSA_Payroll,SSA_%_Payroll,Difference_%_Payroll,SSA_Payroll_$B,PE_Payroll_$B
H4: Higher Thresholds,Option 1 (Full Repeal),2060,-793.13,-29.285200000000003,-763.8448,-1.8958074385696528,-0.07,-1.8258074385696528,41836,30645.201582168414
H4: Higher Thresholds,Option 1 (Full Repeal),2100,-5187.73,-19.1588,-5168.571199999999,-2.7077530951834143,-0.01,-2.6977530951834146,191588,47854.606735235386
H6: Phase Out Taxation,Option 1 (Full Repeal),2060,-793.13,-435.0944,-358.0356,-1.8958074385696528,-1.04,-0.8558074385696528,41836,30645.201582168414
H6: Phase Out Taxation,Option 1 (Full Repeal),2100,-5187.73,-2145.7856,-3041.9443999999994,-2.7077530951834143,-1.12,-1.5877530951834142,191588,47854.606735235386
