year,policyengine_taxable_payroll_billions,ssa_taxable_payroll_billions
2060,30645.201582168414,41836
2100,47854.606735235386,191588
