year,option1,option2,option3,option4,option5,option6,option7,option8,option9,option10,option11,option12
2026,1.00854357,1.00152971,1.00152973,1.00263208,1.03118081,1.01674561,1.00693671,1.00496201,1.00350456,1.00443991,1.00424089,1.01784588
2100,1.00764383,1.00098210,1.00098210,1.00069525,0.98314681,0.98314855,,1.00619061,1.00429161,1.00556566,1.00098210,0.98314681
